id,name
1003AEI,Itoys Box Cricket Set-(B)
1004ABEI,Itoys Cricket Set With 4 Wickets
1082-Mu-A,Itoys 1082 Musical Learning Table (Educational Battery Toy)
1102H,Itoys 1102H Shooting Champ Basketball Set-2 (G)
13-Piec-A,Itoys 13 Piece Baby Gift Set (Baby Cloth Set)
1601EI,Itoys Bowling Set -1 (B)
1602AGEB,Itoys Bowling Set - 2
1602FH,Itoys Bowling Set - 3
1703IAEB,Itoys 1703Iaeb Boxing Set 1 (B)
1802FH,Itoys Toy Carrom 20X20-2 (G)
1802GIBA,Itoys Toy Carrom 20X20-1 (B)
1805BEIA,Itoys 1805Beia Marvel Game Table Board Game - 1 (B)
1805HF,Itoys 1805Hf Marvel Game Table Board Game - 2 (G)
1806AGJEI,Itoys 1806 Ludo Game Table For Kids
1806HF,Itoys 1806Hf Ludo Game Table For Kids-2 (B)
19020B,Itoys Choochoo Super Train
2013RC,Itoys 2013Rc Top Grade Car With Charger
2016EBACI,Itoys Marvel Ring Toss-1
2218EA,Itoys 2218Ea 5 In 1 Easel Board -1 (B)
2218FH,Itoys 2218Fh 5 In 1 Easel Board -2 (G)
3054,Itoys Train Orbit
356G,Itoys Model Concept Car
46PAS,Itoys 46 Pc Art Set
553-323-A,Itoys 553-323 Parking Lot (Car Set)
606-609-A,Itoys 606-609 Acrobatic Car (Remote Controlled)
6136b-E-A,Itoys 6136B Electronic Banking (Board Game)
668-48,Itoys Cash Register
678-103,Itoys 678-103 Lol Beautiful (Role-Play)
678-103-A,Itoys 678-103 Happy Dresser (Role-Play)
678-104-A,Itoys 678-104A Happy Craftsman (Role-Play)
678A,Itoys Fishing Games 678
7050,Itoys Blaze Storm 7050
7637,Itoys Colorful Tableware 7637
77008-s-A,Itoys 77008 Smartlines Blocks (Blocks)
8002-Se-A,Itoys 8002 Sequence (Board Game)
8661,Itoys 8661 Little Angel Music Projector
929-B2 -A,Itoys 929-B2 Rock Band Guitar (Musical Toy)
999-2,Itoys 999-2 Autobots
BF-630A-A,Itoys Bf-630A1 Piano (Musical Toy)
CBASB,Itoys Cbasb Cartoon Bank Atm Safe Box
CY6067B-A,Itoys Cy6067B Wonderland Drum (Musical Toy)
DH34,Itoys Dh34 Doll House 34 Pcs
FY008-917,Itoys Fy008-917-Fashion You
GF356,Itoys Gogo Fishing 356
HE0603-04,Itoys He0603-04 Piano Fitness Rack
HE0801,Itoys He0801 Children Music Walker
HG235A -A,Itoys Hg235A Soccer Game (Activity Game)
HSC5706,Itoys Hsc5706 Happy Supermarket Cashier
KC008-915-919,Itoys Kc008-915-919-Kitchen Cook
KRS-F-6,Itoys Krs-F-6 Kids Rideon Scooter Medium
KS-3,Itoys Ks-3 Kitchen Set Big (3 Compartments) 3 Characters
KS-4,Itoys Ks-4 Kitchen Set Big (4 Compartments) 3 Characters
KS-61008,Itoys Ks-61008 Kitchen Set
KT7001KL,Itoys Kinsmart Limozine
LE628-27,Itoys 3 In 1 Learning Easel 628-27
LX175,Itoys Lx175 Ai Touch Tom
MC333-33,Itoys Milk Cow 333-33
MCDH,Itoys Mcdh My Country Doll House
MFC,Itoys Magical Form Cube
MY66-M2-A,Itoys My66-M2215 Metal Bike (Die-Cast Toy)
NR99444,Itoys Nr99444 Naughty Robot
NTPR,Itoys Ntpr Newborn To Toddler Portable Rocker
PW103,Itoys Pw103 Pottery Wheel
RC8037E,Itoys Rc8037E Cheetah Truck Jcb Remote Control
SB324-334-344,Itoys Super Hero Gun
SC9802M,Itoys Sc9802M Stunt Car
SLW9881 -A,Itoys Slw9881 Playmat 2 In 1- (Musical Toy)
TI-1,Itoys Ti-1 Tent Interesting
TIJ1409,Itoys Tent Interesting
TTLX175A,Itoys Ttlx175A Ai Touch Tom
TWLAS,Itoys Twlas Twister With Light And Sound
WT7732,Itoys Walkie Talkie 7732
Y589-01-08,Itoys Learning Blocks Y589-01/08
YJ-3013-A,Itoys Yj-3013 Dance Girl (Battery Operated)
YJ-3023-A,Itoys Yj-3023 Stunt Triclye (Battery Operated)
ZB6640,Itoys Zb6640 Happy Zoo Blocks
A42115,Adidas A42115 Team Bag -Red
AH9099,Adidas Ah9099 Laptop Backpack
BQ6340,Adidas Bq6340 Back Pack
CG1533,Adidas Cg1533 Convertible 3-Stripes Duffel Bag Medium -Black
DM7787,Adidas Dm7787 Convertible 3-Stripes Duffel Bag Medium -Blue
FT6048,Adidas (Expandable) Lin Per Tb D Travel Duffel Bag (Blue)
FT6049,Adidas Ft6049 Unisex Blue Lin Per Tb Printed Duffle Bag
CY6240,Adidas Cy6240 Perf Bottl 0.5 500 Ml Sipper
S96920,"Adidas S96920 Perf Bottl 0.75,750 Ml Sipper"
AC5488,Adidas Ac5488 Football - Capitno Milano
CE8091,Adidas Ce8091 Fifa World Cup Top Replique Ball White/Black/Silver Metallic
S97837,Adidas S97837 Unisex Tennis Wrist Band
S97838,"Adidas S97838 Synthetic Ten Wb S Tennis Wristband, Osfm (Black/Black/White)"
CD3042,"Adidas Cd3042 Ess Corp Cap Cap, Osfy"
FS6452,Adidas Fs6452 6 Corp Cot Cap-Nmarin
FS6453,Adidas Fs6453 6 Corp Cot Cap-Corang
FS6454,Adidas Fs6454 6 Corp Cot Cap-Black
CHTO1,Chuangfa Toys Chto1 Racing Car (Rc)
CHTO10,Chuangfa Toys Chto10 Rock Crawling Rc Car
CHTO12,Chuangfa Toys Mini Appliances Set
CHTO13,Chuangfa Toys Chto13 Guitar Excellent
CHTO14,Chuangfa Toys Chto14 Classical Guitar
CHTO15,Chuangfa Toys Chto15 Modular Kitchen And Trolley Set
CHTO16,Chuangfa Toys Chto16 Dream Kitchen Cooking
CHTO17,Chuangfa Toys Chto17 Dream Fashion
CHTO18,Chuangfa Toys Chto18 Super Market Green
CHTO19,Chuangfa Toys Chto19 Super Car Rc
CHTO2,Chuangfa Toys Chto2 Piano
CHTO20,Chuangfa Toys Chto20 Football Sport
CHTO21,Chuangfa Toys Chto21 English Learner Laptop
CHTO4,Chuangfa Toys Chto4 Helicopter
CHTO5,Chuangfa Toys Chto5 Pottery Wheel
CHTO6,Chuangfa Toys Chto6 Dm Rideon
CHTO7,Chuangfa Toys Chto7 Electronic Piano Bifgun Small
CHTO8,Chuangfa Toys Chto8 Electronic Piano Bifgun Big
CHTO9,Chuangfa Toys Princess Dance
420978,Parle Marie Biscuits 800G
324304CB,Origami So Soft Napkin 80Pc
122107_113,Ac Og 3.0 L Reservoir Packaged Blue
41202,Wet Grinder - 15 Kgs
41915,Induction Cook-Top Pic 2.0 V2
49003,Prestige Water Purifier Tattva 1.0 Steel
49008,Prestige Storage Water Purifier Jr 3.0
GHFMGBNV075,Gracia Grey 3 Jar 750W Mixer Grinder
LIVE 200BT,Jbl Live 200Bt Black
RUN BT,Jblrun Bt Black
T205BT,Jblt205Bt Black
T50HI,Jblã‚Â T50Hi Black
108226_317,Og Terminal
5919003OG,Ogio Alpha Core Con 525R Backpack - Black
5919005OG,Ogio Alpha Core Con 320 Backpack - Black
5919006OG,Ogio Alpha Core Con 320 Backpack - Glow Orange
5919007OG,Ogio Alpha Core Con 320 Backpack - Charcol
5919008OG,Ogio Alpha Core Con 320 Backpack - Camo
5919009OG,Ogio Alpha Core Con 120 Backpack - Black
5919017OG,Ogio Alpha Core Con 520S Travel Bag - Black
5919018OG,Ogio Alpha Core Con 520S Travel Bag - Camo
5919576OG,Ogio Mach 5 Silver
FX1 (0) 00 101,Amt Colorado Sp 55Cm -Frml.Red
36758,3Pc Byk Spatter With Violet
40257,Gas Stove Duplex Dgs 4
126009_09,Hw Og Neo Golf Cap M/L White
126013_03,Hw Og Oflex Golf Cap L/Xl Black
126013_09,Hw Og Oflex Golf Cap L/Xl White
126014_03,Hw Og Neo Golf Cap L/Xl Black
126014_09,Hw Og Neo Golf Cap L/Xl White
126014_335,Hw Og Neo Golf Cap L/Xl Slate
126014_349,Hw Og Neo Golf Cap L/Xl Siren
42706,Prestige Clean Home Ozonizer- Poz 1.0
ANG001M,Angel Ang001M Men Pure Leather Edt 100Mlsp(Men)
AQU001,Aqua Di Gio Edt 100Ml Spray Men
AZZ001,Azzaro Chrome Edt Spray 100Ml Men
AZZ001M,Azzaro Azz001M Chrome Edt 100Ml Sp(Men)
AZZ002,Azzaro Chrome Legened Edt 125Ml Spary Men
AZZ002M,Azzaro Azz002M Chrome Legened Edt 125Ml Sp(Men)
AZZ003,Azzaro Pour Homme Edt 100Ml Men
AZZ003M,Azzaro Azz003M Pour Homme Edt 100Ml Sp(Men)
AZZ004M,Azzaro Azz004M Silver Black Edt 100Ml Sp(Men)
BEN001M,Benetton Ben001M Cold Silver Edt 100Ml Sp(Men)
BEN002M,Benetton Ben002M Colours Blue Edt 100Ml Sp(Men)
BEN003W,Benetton Ben003W Colours Blue Edt 80Ml Sp(Women)
BEN004M,Benetton Ben004M Colours Green Edt 100Ml Sp(Men)
BEN005W,Benetton Ben005W Colours Pink Edt 80Ml Sp(Women)
BEN006W,Benetton Ben006W Hot Gold Edt 100Ml Sp(Women)
BEN007M,Benetton Ben007M United Dreams Aim High Edt 100Ml(Men)
BEN008M,Bentley Ben008M Azure Edt 100Mlsp(Men)
BEN009M,Bentley Ben009M Black Edition Edt 100Mlsp(Men)
BEN010W,Bentley Ben010W Infinite Edt 100Ml Sp(Women)
BEN011W,Bentley Ben011W Infinite Rush Edt 100Ml Sp(Women)
BEN012M,Bentley Ben012M Intense Edp 100Mlsp(Men)
BEN013M,Bentley Ben013M Momentum Edt 100Mlsp(Men)
BEN014W,Benetton Ben014W United Dreams Stay Positive Edt 80Ml Sp(L)
BEN015W,Benetton Ben015W United Dreams Live Free Edt 80Ml Sp(L)
BEN016M,Benetton Ben016M United Dreams Be Strong Edt 100Ml Sp(M)
BEN017M,Benetton Ben017M United Dreams Go Far Edt 100Ml Sp(M)
BLC001M,Black Blc001M By Perri Cardin Edt 80Mlsp(Men)
BUR001,Burberry Body Edp 80 Ml Spray Women
BUR001W,Burberry Bur001W Body Edp 85Ml Sp(Women)
BUR002,Burberry Edp 100Ml Spray Women
BUR002W,Burberry Bur002W Body Intense Edp 85Ml Sp(Women)
BUR003,Burberry Edt 100Ml Spray Men
BUR003W,Burberry Bur003W Brit Edp 100Ml Sp(Women)
BUR004,Burberry Brit Edt 100Ml Spray Women
BUR004W,Burberry Bur004W Brit Edt 100Ml Sp(Women)
BUR005,Burberry Brit Edt 100Ml Spray Men
BUR005M,Burberry Bur005M Brit Edt 100Ml Sp(Men)
BUR006,Burberry Brit Edp 100Ml Spray Women
BUR006W,Burberry Bur006W Brit Rhythm Edt 90Ml Sp(Women)
BUR007,Burberry Brit Rhythm Edt 90Ml Spray Men
BUR007M,Burberry Bur007M Brit Rhythm Edt 90Ml Sp(Men)
BUR008,Burberry Brit Rytham Edt 90Ml Spray Women
BUR008M,Burberry Bur008M Classic Red Edt 100Ml Sp(Men)
BUR009,Burberry Touch Edp 100Ml Spray Women
BUR009W,Burberry Bur009W Classic Edp 100Ml Sp(Women)
BUR010,Burberry Touch Edt 100Ml Spray Men
BUR010M,Burberry Bur010M Mr. Edp 100Ml Sp(Men)
BUR011M,Burberry Bur011M Mr. Edp 150Ml Sp(Men)
BUR012W,Burberry Bur012W My Edp 90Ml Sp(Women)
BUR013M,Burberry Bur013M The Beat Edt 100Ml Sp(Men)
BUR014W,Burberry Bur014W The Beat Edt 75Ml Sp(Women)
BUR015W,Burberry Bur015W Touch Edp 100Ml Sp(Women)
BUR016M,Burberry Bur016M Touch Edt 100Ml Sp(Men)
BUR017W,Burberry Bur017W Week End Edp 100Ml Sp(Women)
BUR018M,Burberry Bur018M Week End Edt 100Ml Sp(Men)
BUR019W,Burberry Bur019W Body Tender Edp 85Ml Sp(Women)
BVL001,Bvlgari Aqua Edt 100Ml Spray Men
BVL001S,Bvlgari Bvl001S Aqua Edt 100Ml Sp
BVL002,Bvlgari Aqua Marine Edt 100Ml Spray Men
BVL002M,Bvlgari Bvl002M Aqua Marine Edt 100Ml(Men)
BVL003,Bvlgari Blv Edt 100Ml Spray Men
BVL003M,Bvlgari Bvl003M Aqua Marine Edt 150Ml Sp(Men)
BVL004,Bvlgari Omnia Coral Edt 65Ml Spray Women
BVL004W,Bvlgari Bvl004W Omnia Coral Edt 65Ml Sp(Women)
BVL005,Bvlgari Pour Homme Edt 100Ml Spray
BVL005M,Bvlgari Bvl005M Pour Homme Edt 100Ml Sp(Men)
BVL006,Bvlgari Pour Homme Soir Edt 100Ml Spray Men
BVL006M,Bvlgari Bvl006M Aqua Atlantique Edt 100Mlsp(Men)
BVL007W,Bvlgari Bvl007W Pour Femme Edp 100Ml Sp(Women)
CAC001W,Cacheral Cac001W Anais Anais Edt 100Ml Sp(Women)
CAD001,Cartier Declaration Edt 100Ml Spary Men
CAD002,Cartier Eau De Cartier Edt 100Ml Spray Men
CAD005,Cartier Pasha De Cartier Edt 100Ml Spary Men
CAL001,Calvin Klein Be Edt Spray Unisex - 200Ml
CAL001M,Calvin Klein Cal001M All Edt 100Mlsp(Men)
CAL002,Calvin Klein Be Edt Spray Unisex 100Ml
CAL002M,Calvin Klein Cal002M All Edt 200Mlsp(Men)
CAL003,Calvin Klein One Edt 100Ml Spray Unisex
CAL003M,Calvin Klein Cal003M Eternity Aqua Edt 100Mlsp(Men)
CAL004,Calvin Klein One Edt 200 Ml Spray Unisex
CAL004M,Calvin Klein Cal004M Eternity Aqua Edt 50Mlsp(Men)
CAL005,Calvin Klein Eternity Moment Edp 100Ml Spray Women
CAL005W,Calvin Klein Cal005W Euphoria Edp 100Ml Sp(Women)
CAL006,Calvin Klein Eternity Edp 100Ml Spray Women
CAL006M,Calvin Klein Cal006M Euphoria Edt 100Mlsp(Men)
CAL007,Calvin Klein Eternity Edt 100Ml Spray Men
CAL007M,Calvin Klein Cal007M In To U Edt 100Mlsp(Men)
CAL008,Calvin Klein Beauty Edp 100Ml Spray Women
CAL008M,Calvin Klein Cal008M In To U Edt 150Mlsp(Men)
CAL009M,Calvin Klein Cal009M Man Edt 100Mlsp(Men)
CAL010W,Calvin Klein Cal010W Secrete Obsession Edp 100Ml Sp(Women)
CAR001,Carolina Herrera 212 Edt 100Ml Spray Men
CAR001M,Bvlgari Car001M Pour Homme Soir Edt 100Ml Sp(Men)
CAR001W,Carolina Herrera Car001W 212 Edt 100Ml Sp(Women)
CAR002,Carolina Herrera 212 Edt 100Ml Spray Women
CAR002M,Carolina Herrera Car002M 212 Edt 100Ml Sp(Men)
CAR003,Carolina Herrera 212 Sexy Edp 100Ml Spray Women
CAR003W,Carolina Herrera Car003W 212 Sexy Edp 100Ml Sp(Women)
CAR004,Carolina Herrera 212 Sexy Edt 100Ml Spray Men
CAR004M,Carolina Herrera Car004M 212 Sexy Edt 100Ml Sp(Men)
CAR005,Carolina Herrera 212 Vip Edp 80Ml Spray Women
CAR005W,Carolina Herrera Car005W Vip Edp 80Ml Sp(Women)
CAR006,Carolina Herrera 212 Vip Edt 80Ml Spray Men
CAR006M,Carolina Herrera Car006M 212 Vip Edt 100Ml Sp(Men)
CAR007W,Carolina Herrera Good Girl Edp 80Ml Sp(Women)
CAR008W,Carolina Herrera Car008W Vip Rose Edp 80Ml Sp(Women)
CAR010M,Carolina Herrera Car010M 212 Edt 200Mlsp(Men)
CART001M,Cartier Cart001M Declaration Edt 100Ml Sp(Men)
CART002U,Cartier Cart002U Eau De Edt 100Ml Sp(Unisex)
CART003M,Cartier Cart003M Pasha Noir Sport Edt 100Ml Sp(Men)
CHL001W,Chloe Chl001W Edp 75Ml Sp(Women)
CHL002W,Chloe Chl002W Love Story Edp 75Ml Sp(Women)
CHL003W,Chloe Chl003W Story Edp 75Ml Sp(Women)
CK001S,Calvin Klein Ck001S Be Edt 100Ml Sp
CK002S,Calvin Klein Ck002S Be Edt 200Ml Sp
CK003W,Calvin Klein Ck003W Beauty Edp 100Ml Sp(Women)
CK004W,Calvin Klein Ck004W Eternity Edp 100Ml Sp(Women)
CK005M,Calvin Klein Ck005M Eternity Edt 100Ml Sp(Men)
CK006W,Calvin Klein Ck006W Eternity Moment Edp 100Ml Sp(Women)
CK007S,Calvin Klein Ck007S One Edt 100Ml Sp
CK008S,Calvin Klein Ck008S One Edt 200Ml Sp
DAV001,Davidoff Champion Edt 90Ml Spray Men
DAV002,Davidoff Cool Water Edt 125Ml Spray Men
DAV003,Davidoff Cool Water Edt 100Ml Spray Women
DAV004,Davidoff Cool Water Sea Rose Edt 100Ml Spray Women
DAV005,Davidoff Echo Edp 100Ml Spray Ladies
DAV006,Davidoff Echo Edt 100Ml Spray Men
DAV007,Davidoff Hot Water Edt 108Ml Spray Men
DAV007W,Davidoff Echo Edp 100Ml Sp(Women)
DAV008,Davidoff Silver Shadow Edt 100Ml Spray Men
DAV008M,Davidoff Echo Edt 100Ml Sp(Men)
DUN003M,Dunhill Icon Absolute Edp 100Ml Sp(Men)
ELI001,Elizebeth Arden Fifth Avenue Edp 125Ml Spray Women
ELI002,Elizebeth Arden Green Tea Edp 100Ml Spray Women
ELI003,Elizebeth Arden Mediterrenian Edp 100Ml Spray Women
ELI004,Elizebeth Arden Provocative Edp 100Ml Spray Women
ELI005,Elizebeth Arden Sunflower Edt 100Ml Spray Women
FER001,Ferrari Scuderia Black Edt 125Ml Spray Men
FER002,Ferrari Scuderia Red Edt 125Ml Spray Men
FER006,Ferrari Essence Musk Edt 100Ml Spray Men
GUCC001W,Gucci By Gucci Edp 70Ml Sp(Women)
GUCC002M,Gucci By Gucci Pour Homme 100Ml Sp(Men)
GUCC006W,Gucci Guilty Intense Edp 75Ml Sp(Women)
GUE001,Guess Edt 75Ml Spray Men
HUG001,Hugo Boss Bottled Edt 100Ml Spray Men
HUG001M,Hugo Boss Hug001M Bottled Night Edt 200Ml Sp(Men)
HUG002W,Hugo Boss Hug002W Femme Edp 75Ml Sp(Women)
HUG003M,Hugo Boss Hug003M Green Edt 125Ml Sp(Men)
HUG004,Hugo Boss Green Edt 200Ml Spray Men
HUG005,Hugo Boss Green Edt Spray 125 Ml Men
HUG005S,Hugo Boss Hug005S Green Edt 200Ml Sp
HUG006,Hugo Boss In Motion Edt 90Ml Men
HUG006W,Hugo Boss Hug006W Mavie Edp 75Ml Sp(Women)
HUG007,Hugo Boss Man Edt 200Ml Spray
HUG007M,Hugo Boss Hug007M No.6 Edt 100Ml
HUG008,Hugo Nuit Pour Femme Edp 75Ml Spray
HUG008M,Hugo Boss Hug008M Orange Edt 100Ml Sp(Men)
HUG009,Hugo Xx Edt 100Ml Spray Women
HUG009W,Hugo Boss Hug009W Hugo Nuit Pour Femme Edp 75Ml Sp(Women)
HUG010,Hugo Xy Edt 100 Ml Spray Men
HUG010M,Hugo Boss Hug010M Hugo The Scent Edt 100Ml Sp(Men)
HUG011W,Hugo Boss Hug011W Hugo Xx Edt 100Ml Sp(Women)
HUG012M,Hugo Boss Hug012M Hugo Xy Edt 100Ml Sp(Men)
HUG013M,Hugo Boss Hug013M Element Edt 90Mlsp(Men)
HUG014M,Hugo Boss Hug014M Energize Edt 125Mlsp(Men)
HUG016W,Hugo Boss Hug016W Women Edp 90Ml Sp(Women)
HUG017W,Hugo Boss Hug017W Hugo Deep Red Edp 90Ml Sp(Women)
ISS001,Issey Miyaki L'Eau D' Issey Edt 100Ml Spray Women
ISS002,Issey Miyaki L'Eau D' Issey Pour Homme Edt 125Ml Spray
ISS003,Issey Miyaki L'Eau Intense Edt 125Ml Spray Men
JAG001,Jaguar Blue Edt Spray For Men - 100Ml
JAG002,Jaguar Classic Black Edt Spray For Men - 100Ml
JAG003,Jaguar Performance Edt 100Ml Spray Men
JIM001M,Jimmy Choo Blue Edt 100Mlsp(Men)
JOO002M,Joop Edt 125Mlsp(Men)
JOO003M,Joop Go Edt 100Mlsp(Men)
JOO004M,Joop Wow Edt 100Mlsp(Men)
JPG001W,Jpg Madame Edt 100Ml Sp(Women)
KEN001W,Kenzo Flower Edt 100Ml Sp(Women)
LAC002M,Lacoste L'Homme Edt 100Ml Sp(Men)
LAC003M,Lacoste L'Homme Intense Edt 100Ml Sp(Men)
LAC004M,Lacoste Men L.12.12.Pure Lui Blanc Edt 100Ml
LAC005W,Lacoste Pour Femme Edp 100Ml Sp(Women)
LAC006M,Lacoste Pour Homme Edt 100Ml Sp(Men)
LAC007M,Lacoste Red Edt 125Ml Sp(Men)
LAC008W,Lacoste Touch Of Pink Edt 90Ml Sp(Women)
LAN001W,Lancome Hypnose Edt 75Ml Sp(Women)
LAN002W,Lancome Miracle Edp 100Ml Sp(Women)
LAN003W,Lancome Poem Edp 100Ml Sp(Women)
LAN005M,Lanvin L'Homme Sport Edt 100Ml Sp(Men)
LAN006W,Lanvin Mary Me Edt 75Ml Sp(Women)
LAN007W,Lancome Magnifigue Edp 75Ml Sp(Women)
LO001W,Jennifer Lopez Lo001W Edt 100Ml Sp(Women)
LOM001M,Lomani Elpaso Edt 100Ml Sp(Men)
LOM002W,Lomani Extreme Red Edt 100Ml Sp(Women)
LOM003W,Lomani Fresh Edt 100Ml Sp(Women)
LOM004M,Lomani Pour Homme Edt 100Ml Sp(Men)
MAR001W,Marc Jacobs Lola Edp 100Ml Sp(Women)
MON001,Mont Blanc Individuel Edt 75Ml Spray Women
MON001M,Mont Blanc Emblem Edt 100Ml Sp(Men)
MON002,Mont Blanc Individuel Edt 75Ml Spray Men
MON002M,Mont Blanc Emblem Inetense Edt 100Ml Sp(Men)
MON003,Mont Blanc Presence Edt 75Ml Spray Men
MON003W,Mont Blanc Indivujual Edt 75Ml Sp(Women)
MON004M,Mont Blanc Indivujual Edt 75Ml Sp(Men)
MON005,Mont Blanc Starwaker Edt 75Ml Spray Men
MON005W,Mont Blanc Lady Emblem Edp 75Ml Sp(Women)
MON006M,Mont Blanc Presence Edt 75Ml Sp(Men)
MON007M,Mont Blanc Star Waker Edt 75Ml Sp(Men)
MON008M,Montale Black Aoud Edt 100Mlsp(Men)
NAU001M,Nautica Blue Edt 100Mlsp(Men)
NAU002M,Nautica Classic Edt 100Mlsp(Men)
NAU003M,Nautica Voyag Edt 100Mlsp(Men)
NIN001W,Nina Ricci L'Air Du Temps Edt 100Ml Sp(Women)
NIN002W,Nina Ricci Nina Edt 80Ml Sp(Women)
NIN003W,Nina Ricci Premier Jour Edp 100Ml Sp(Women)
PAC001W,Paco Lady Million Edp 80Ml Sp(Women)
PAC002M,Paco One Million Edt 100Ml Sp(Men)
PAC003M,Paco Rabanee Pour Homme Edt 100Ml(Men)
PAC004W,Paco Ultravoilet Edp 80Ml Sp(Women)
PAC005M,Paco Ultravoilet Edt 100Ml Sp(Men)
PAC006M,Paco Black Xs Edt 100Mlsp(Men)
PAC007M,Paco Invictus Edt 150Mlsp(Men)
PAC008W,Paco Rabanne Olympia Edp 80Ml Sp(Women)
POL001M,Police Cosmopolitian Edt 100Mlsp(Men)
POL003M,Police Illusionite Edt 125Mlsp(Men)
PRA001,Prada Amber Edt 100Ml Spray Men
PRA001M,Prada Luna Rosa Edt 100Mlsp(Men)
PRA002,Prada Candy Edt 80Ml Spray Women
PRA003,Prada Candy Floral Edt 80Ml Spray Women
PRA004,Prada La Femme Edp 100Ml Spray Women
SAL001M,Salvatore Ferragamo ' F ' Edt 100Ml Sp(Men)
TER001M,Terre D' Hermes Edp 200Ml Sp(Men)
TER002M,Terre D' Hermes Edt 100Ml Sp(Men)
TER003M,Terre D' Hermes Edt 200Ml Sp(Men)
TER004W,Terre D'Hermes Edp 75Ml Sp(Women)
TOF001,Tomford Black Orchid Edp 100Ml Spray Women
TOF002,Tomford Noir Edp 100Ml Spray Women
TOM001,Tommy Boy Edc 100Ml Spray
TOM002,Tommy Girl Edt 100Ml Spray
TOM004M,Tommy Girl Edt 100Ml
TOM005M,Tommy Man Edt 100Ml
UDV001M,Udv Black Edt 100Ml Sp(Men)
UDV002M,Udv Blue Edt 100Ml Sp(Men)
UDV003W,Udv Divine Issime Edp 75Ml Sp(Women)
UDV004M,Udv Edt 100Ml Sp(Men)
UDV005M,Udv Flash Edt 100Ml Sp(Men)
UDV006M,Udv Night Edt 100Ml Sp(Men)
UDV007W,Udv Pour Elle Edp 75Ml Sp(Women)
VER001M,Versace Erose Edt 100Ml Sp(Men)
VER002W,Versace Bright Crystal Absolu Edp 90Ml(Women)
VER003W,Versace Bright Crystal Edt 200Ml Sp(Women)
VER004M,Versace Eros Edt 100Mlsp(Men)
VER004W,Versace Bright Crystal Edt 90Ml Sp(Women)
VER005W,Versace Crystal Noir Edp 90Ml Sp(Women)
VER006W,Versace Crystal Noir Edt 90Ml Sp(Women)
VER007M,Versace Dylan Blue Edt 100Ml Sp(Men)
VER008M,Versace Eau Fraiche Edt 100Ml Sp(Men)
VER009M,Versace L'Homme Edt 100Ml Sp(Men)
VER010M,Versace Oud Noir Edp 100Ml Sp(Men)
VER011W,Versace Pour Femme Dylan Blue Edp 100Ml Sp(Women)
VER012M,Versace Pour Homme Edt 100Ml Sp(Men)
VER014W,Versace Eros Edp 100Ml Sp(Women)
VIV001W,Viva La Juicyjuicy Couture Edp 100Ml Sp(Women)
VIV002W,Viva La Juicyjuicy Couture Rose Edp 100Ml Sp(Women)
YVE001M,Yves Saint Laurent Body Kouros Edp 100Ml Sp(Men)
YVE002M,Yves Saint Laurent Kouros Edt 100Ml Sp(Men)
YVE003M,Yves Saint Laurent L'Homme Edt 100Ml Sp(Men)
YVE004W,Yves Saint Laurent Opium Black Edt 90Ml Sp(Women)
YVE005M,Yves Saint Laurent Pour Homme Edt 100Ml Sp(Men)
